id,first_name,last_name,full_name,email,gender,ip_address,age
459,Fernando,Abbett,Fernando Abbett,fabbettcq@addthis.com,Male,145.214.138.207,1
798,Gordie,Nipper,Gordie Nipper,gnipperm5@slate.com,Male,18.76.255.212,1
842,Loydie,Jebb,Loydie Jebb,ljebbnd@jalbum.net,Male,148.140.37.189,1
56,Tully,Keats,Tully Keats,tkeats1j@sitemeter.com,Male,91.27.208.228,2
600,Cullen,Iacovini,Cullen Iacovini,ciacovinign@aol.com,Male,242.190.171.42,2
731,Alessandro,Oultram,Alessandro Oultram,aoultramka@51.la,Male,159.34.17.213,2
913,Stanfield,Bercher,Stanfield Bercher,sbercherpc@state.gov,Male,144.56.150.65,2
923,Merell,Scaddon,Merell Scaddon,mscaddonpm@webmd.com,Male,116.80.198.141,2
963,Toby,Middlemist,Toby Middlemist,tmiddlemistqq@printfriendly.com,Male,215.83.88.212,2
277,Nicolais,Amy,Nicolais Amy,namy7o@imdb.com,Male,236.38.20.254,3
676,Lindon,Jakubowski,Lindon Jakubowski,ljakubowskiir@github.io,Male,135.253.236.209,3
893,Mycah,Pledge,Mycah Pledge,mpledgeos@a8.net,Male,45.112.101.159,3
911,Yuri,Johananov,Yuri Johananov,yjohananovpa@alibaba.com,Male,36.161.45.157,3
30,Corey,Stickells,Corey Stickells,cstickellst@ucsd.edu,Male,32.246.190.202,4
37,Ado,Hardesty,Ado Hardesty,ahardesty10@state.tx.us,Male,213.45.226.66,4
231,Ignaz,Rowles,Ignaz Rowles,irowles6e@loc.gov,Male,189.178.71.63,4
402,Leroy,Lever,Leroy Lever,lleverb5@cbsnews.com,Male,54.161.240.161,4
447,Durant,Mohamed,Durant Mohamed,dmohamedce@odnoklassniki.ru,Male,71.119.89.214,4
743,Dorey,Geldeford,Dorey Geldeford,dgeldefordkm@merriam-webster.com,Male,152.189.214.218,4
224,Renato,Haith,Renato Haith,rhaith67@discuz.net,Male,42.136.168.162,5
394,Ambrose,Mityashin,Ambrose Mityashin,amityashinax@joomla.org,Male,77.201.73.214,5
466,Augy,Littlewood,Augy Littlewood,alittlewoodcx@istockphoto.com,Male,91.38.242.235,5
720,Siegfried,Ainslee,Siegfried Ainslee,sainsleejz@upenn.edu,Male,218.45.233.0,5
886,Kilian,Normavill,Kilian Normavill,knormavillol@yellowpages.com,Male,84.187.86.66,5
903,Crawford,Omrod,Crawford Omrod,comrodp2@admin.ch,Male,23.93.79.28,5
14,Lew,Finnan,Lew Finnan,lfinnand@tiny.cc,Male,235.15.241.117,6
44,Leonidas,Schruyer,Leonidas Schruyer,lschruyer17@disqus.com,Male,20.239.184.135,6
135,Stefano,Tollerfield,Stefano Tollerfield,stollerfield3q@macromedia.com,Male,3.146.239.38,6
283,Franchot,Cumming,Franchot Cumming,fcumming7u@omniture.com,Male,61.121.93.80,6
339,Gian,Nutley,Gian Nutley,gnutley9e@dot.gov,Male,45.31.142.137,6
356,Torrence,Smalley,Torrence Smalley,tsmalley9v@cafepress.com,Male,58.110.163.184,6
507,Mattheus,Gill,Mattheus Gill,mgille2@army.mil,Male,241.148.77.108,6
835,Duky,Crookston,Duky Crookston,dcrookstonn6@bluehost.com,Male,44.3.137.116,6
881,Percival,Dinesen,Percival Dinesen,pdinesenog@home.pl,Male,194.19.73.0,6
341,Giacopo,Spofforth,Giacopo Spofforth,gspofforth9g@com.com,Male,191.41.122.145,7
371,Davin,Garnham,Davin Garnham,dgarnhamaa@freewebs.com,Male,160.168.38.59,7
432,Carmine,Ivy,Carmine Ivy,civybz@angelfire.com,Male,98.7.234.151,7
556,Ario,Burthom,Ario Burthom,aburthomff@ted.com,Male,98.195.56.125,7
710,Teodorico,Barnhill,Teodorico Barnhill,tbarnhilljp@apache.org,Male,53.59.206.157,7
865,Timotheus,Ellsom,Timotheus Ellsom,tellsomo0@businesswire.com,Male,33.201.193.163,7
467,Wilhelm,Dellar,Wilhelm Dellar,wdellarcy@nbcnews.com,Male,121.162.25.191,8
605,Towney,Pires,Towney Pires,tpiresgs@ft.com,Male,118.91.105.61,8
655,Ashley,"O'Meara","Ashley O'Meara",aomearai6@posterous.com,Male,146.163.37.116,8
688,Addy,Roskrug,Addy Roskrug,aroskrugj3@google.es,Male,254.228.70.199,8
814,Ingelbert,Smiths,Ingelbert Smiths,ismithsml@unc.edu,Male,34.241.7.178,8
985,Abba,Samuels,Abba Samuels,asamuelsrc@usgs.gov,Male,129.186.80.124,8
67,Benedicto,Reynoldson,Benedicto Reynoldson,breynoldson1u@usa.gov,Male,97.67.175.253,9
102,Jermayne,Screen,Jermayne Screen,jscreen2t@fema.gov,Male,26.192.64.70,9
305,Eldridge,Wyper,Eldridge Wyper,ewyper8g@woothemes.com,Male,250.119.63.56,9
867,Cullin,Nelthorpe,Cullin Nelthorpe,cnelthorpeo2@bandcamp.com,Male,100.12.247.5,9
937,Kenton,Masarrat,Kenton Masarrat,kmasarratq0@answers.com,Male,244.17.235.148,9
249,Reube,Wickman,Reube Wickman,rwickman6w@com.com,Male,110.113.28.49,10
624,Nealy,Girtin,Nealy Girtin,ngirtinhb@etsy.com,Male,22.135.81.157,10
694,Barris,Peabody,Barris Peabody,bpeabodyj9@unicef.org,Male,241.130.142.26,10
66,Artus,Packman,Artus Packman,apackman1t@boston.com,Male,121.12.83.120,11
124,Chilton,Castangia,Chilton Castangia,ccastangia3f@washingtonpost.com,Male,27.6.23.244,11
126,Major,Zanelli,Major Zanelli,mzanelli3h@jigsy.com,Male,2.93.230.112,11
138,Arnie,Parsisson,Arnie Parsisson,aparsisson3t@weebly.com,Male,26.221.162.224,11
487,Ambrosi,Fraczek,Ambrosi Fraczek,afraczekdi@gov.uk,Male,114.149.25.198,11
692,Berkie,Blewett,Berkie Blewett,bblewettj7@archive.org,Male,114.98.132.181,11
737,Terrill,Booley,Terrill Booley,tbooleykg@istockphoto.com,Male,211.216.115.0,11
745,Jarrett,Floweth,Jarrett Floweth,jflowethko@npr.org,Male,185.168.6.141,11
246,Sylvan,"O'Fairy","Sylvan O'Fairy",sofairy6t@360.cn,Male,221.241.132.161,12
499,Brent,Setford,Brent Setford,bsetforddu@booking.com,Male,216.189.224.25,12
973,Brad,Cassin,Brad Cassin,bcassinr0@webnode.com,Male,110.151.64.109,12
581,Wade,Long,Wade Long,wlongg4@github.io,Male,91.96.129.143,13
834,Chrissy,Yukhin,Chrissy Yukhin,cyukhinn5@salon.com,Male,225.75.58.29,13
297,Emile,Craster,Emile Craster,ecraster88@list-manage.com,Male,116.188.181.204,14
303,Sergei,Beacham,Sergei Beacham,sbeacham8e@va.gov,Male,91.199.238.185,14
348,Brantley,Saill,Brantley Saill,bsaill9n@cocolog-nifty.com,Male,135.75.118.159,14
458,Ferris,Daly,Ferris Daly,fdalycp@nationalgeographic.com,Male,14.16.150.152,14
570,Duke,Cochrane,Duke Cochrane,dcochraneft@com.com,Male,129.237.180.217,14
616,Spence,Klimochkin,Spence Klimochkin,sklimochkinh3@cyberchimps.com,Male,75.153.178.53,14
226,Culley,Grigorian,Culley Grigorian,cgrigorian69@npr.org,Male,16.86.138.248,15
409,Nigel,Peskin,Nigel Peskin,npeskinbc@slate.com,Male,212.178.7.35,15
504,Radcliffe,Church,Radcliffe Church,rchurchdz@macromedia.com,Male,39.64.202.9,15
689,Chad,Robelow,Chad Robelow,crobelowj4@nydailynews.com,Male,2.205.203.9,15
742,Bradney,Browne,Bradney Browne,bbrownekl@drupal.org,Male,247.195.85.174,15
863,Alejoa,Jeandon,Alejoa Jeandon,ajeandonny@webnode.com,Male,126.15.111.120,15
875,Zebulen,Stuckley,Zebulen Stuckley,zstuckleyoa@bloomberg.com,Male,146.181.123.115,15
631,Duff,Tressler,Duff Tressler,dtresslerhi@msu.edu,Male,81.217.248.91,16
924,Bing,Greaser,Bing Greaser,bgreaserpn@imgur.com,Male,190.189.225.66,16
71,Juan,Elphinstone,Juan Elphinstone,jelphinstone1y@ebay.co.uk,Male,152.234.36.120,17
115,Rodrick,Greenhead,Rodrick Greenhead,rgreenhead36@psu.edu,Male,37.9.67.212,17
286,Austin,Torrance,Austin Torrance,atorrance7x@jimdo.com,Male,83.107.186.167,17
801,Willi,Davidovich,Willi Davidovich,wdavidovichm8@slate.com,Male,111.110.204.242,17
887,Worth,Illing,Worth Illing,willingom@google.de,Male,189.204.76.41,17
753,Basilio,Lomasney,Basilio Lomasney,blomasneykw@pagesperso-orange.fr,Male,1.220.164.33,18
128,Wang,Kobus,Wang Kobus,wkobus3j@engadget.com,Male,101.111.164.254,19
143,Koenraad,Selcraig,Koenraad Selcraig,kselcraig3y@ezinearticles.com,Male,67.61.74.103,19
267,Abdul,Dienes,Abdul Dienes,adienes7e@who.int,Male,93.231.90.99,19
292,Johny,Ludvigsen,Johny Ludvigsen,jludvigsen83@nsw.gov.au,Male,188.160.0.246,19
302,Grady,Shillaber,Grady Shillaber,gshillaber8d@cbc.ca,Male,176.69.102.72,19
819,Ambros,Illidge,Ambros Illidge,aillidgemq@about.me,Male,149.46.20.101,19
855,Devy,Btham,Devy Btham,dbthamnq@devhub.com,Male,243.46.7.117,19
13,Abbe,Parrin,Abbe Parrin,aparrinc@umich.edu,Male,40.28.155.237,20
401,Isaak,"O'Mara","Isaak O'Mara",iomarab4@google.co.uk,Male,32.183.141.211,20
503,Bealle,Grigor,Bealle Grigor,bgrigordy@xinhuanet.com,Male,219.200.64.39,20
541,Jorgan,Kimblin,Jorgan Kimblin,jkimblinf0@google.com.br,Male,141.202.232.75,20
567,Whitman,Ogbourne,Whitman Ogbourne,wogbournefq@ustream.tv,Male,4.163.231.147,20
773,Kristopher,Fancy,Kristopher Fancy,kfancylg@newsvine.com,Male,211.95.249.50,20
230,Michal,Sivior,Michal Sivior,msivior6d@zimbio.com,Male,26.55.159.224,21
285,Lesley,Collingdon,Lesley Collingdon,lcollingdon7w@facebook.com,Male,178.2.19.53,21
721,Carter,Doutch,Carter Doutch,cdoutchk0@skyrock.com,Male,50.202.248.27,21
884,Ambrosius,Sigg,Ambrosius Sigg,asiggoj@apple.com,Male,184.110.230.118,21
268,Tynan,Hourigan,Tynan Hourigan,thourigan7f@ebay.co.uk,Male,128.166.162.183,22
272,Gunter,McIlvaney,Gunter McIlvaney,gmcilvaney7j@freewebs.com,Male,189.155.241.73,22
558,Guillaume,Velasquez,Guillaume Velasquez,gvelasquezfh@elegantthemes.com,Male,148.116.6.64,22
641,Brok,Maskew,Brok Maskew,bmaskewhs@umich.edu,Male,101.241.18.202,22
662,Ezra,Fendley,Ezra Fendley,efendleyid@t-online.de,Male,47.172.180.5,22
104,Gualterio,Ebbles,Gualterio Ebbles,gebbles2v@theatlantic.com,Male,255.31.127.90,23
186,Horatio,Stovin,Horatio Stovin,hstovin55@wisc.edu,Male,69.6.52.142,23
290,Aldwin,Scarce,Aldwin Scarce,ascarce81@bbb.org,Male,149.195.202.57,23
852,Westbrook,Withrop,Westbrook Withrop,wwithropnn@washingtonpost.com,Male,221.140.106.159,23
862,Reinhold,Praten,Reinhold Praten,rpratennx@noaa.gov,Male,202.185.100.72,23
12,Christoforo,Boutell,Christoforo Boutell,cboutellb@jugem.jp,Male,206.97.239.138,24
64,Antonin,Armes,Antonin Armes,aarmes1r@i2i.jp,Male,92.214.235.226,24
116,Nye,Mould,Nye Mould,nmould37@berkeley.edu,Male,243.29.212.163,24
213,Hermann,Haddrill,Hermann Haddrill,hhaddrill5w@msn.com,Male,87.251.212.149,24
595,Patrick,Tumasian,Patrick Tumasian,ptumasiangi@google.fr,Male,105.44.164.75,24
722,Randie,Burrow,Randie Burrow,rburrowk1@vkontakte.ru,Male,216.157.247.130,24
408,Alexandre,Kivell,Alexandre Kivell,akivellbb@spiegel.de,Male,166.231.158.204,25
931,Victor,Doppler,Victor Doppler,vdopplerpu@github.io,Male,54.22.227.28,25
962,Sampson,Becker,Sampson Becker,sbeckerqp@microsoft.com,Male,147.136.57.205,25
964,Avigdor,Coogan,Avigdor Coogan,acooganqr@hibu.com,Male,25.159.99.39,25
991,Terence,Colyer,Terence Colyer,tcolyerri@wikipedia.org,Male,212.18.249.27,25
214,Allister,Chieze,Allister Chieze,achieze5x@umich.edu,Male,63.26.106.4,26
247,Alasdair,Klimczak,Alasdair Klimczak,aklimczak6u@csmonitor.com,Male,25.188.186.196,26
396,Emmerich,Bronger,Emmerich Bronger,ebrongeraz@etsy.com,Male,52.179.143.114,26
431,Silvano,Shuttleworth,Silvano Shuttleworth,sshuttleworthby@bluehost.com,Male,37.218.179.7,26
469,Filberte,"O'Regan","Filberte O'Regan",foregand0@cornell.edu,Male,180.153.230.239,26
797,Willem,Piddock,Willem Piddock,wpiddockm4@reverbnation.com,Male,177.12.155.85,26
856,Sandor,Genty,Sandor Genty,sgentynr@statcounter.com,Male,140.80.166.181,26
975,Dallas,Haynesford,Dallas Haynesford,dhaynesfordr2@alexa.com,Male,209.4.65.98,26
107,Temp,Emmerson,Temp Emmerson,temmerson2y@freewebs.com,Male,29.199.74.37,27
123,Si,Lindenblatt,Si Lindenblatt,slindenblatt3e@sina.com.cn,Male,84.221.97.131,27
179,Larry,Currao,Larry Currao,lcurrao4y@facebook.com,Male,228.189.54.12,27
301,Dmitri,Dymocke,Dmitri Dymocke,ddymocke8c@is.gd,Male,224.99.18.199,27
306,Warner,Yellowley,Warner Yellowley,wyellowley8h@deliciousdays.com,Male,150.15.102.159,27
540,Boris,Duxbarry,Boris Duxbarry,bduxbarryez@odnoklassniki.ru,Male,27.222.178.72,27
592,Emmy,Keyes,Emmy Keyes,ekeyesgf@baidu.com,Male,121.46.73.37,27
33,Gilburt,Abby,Gilburt Abby,gabbyw@bbb.org,Male,5.188.162.92,28
134,Dillon,Dundredge,Dillon Dundredge,ddundredge3p@cnet.com,Male,13.2.13.217,28
162,Haily,Broose,Haily Broose,hbroose4h@drupal.org,Male,59.13.236.192,28
361,Bartholomeus,Tavernor,Bartholomeus Tavernor,btavernora0@marketwatch.com,Male,120.62.32.82,28
594,Harland,Whitehurst,Harland Whitehurst,hwhitehurstgh@yellowbook.com,Male,215.39.118.136,28
904,Myer,Yele,Myer Yele,myelep3@list-manage.com,Male,7.182.190.195,28
970,Wallis,Eddowis,Wallis Eddowis,weddowisqx@51.la,Male,85.37.213.123,28
820,Spenser,Elsmore,Spenser Elsmore,selsmoremr@joomla.org,Male,235.234.237.149,29
860,Chrotoem,Arp,Chrotoem Arp,carpnv@biglobe.ne.jp,Male,236.203.34.248,29
952,Heall,Fassmann,Heall Fassmann,hfassmannqf@livejournal.com,Male,217.254.233.206,29
77,Perceval,Mussett,Perceval Mussett,pmussett24@webeden.co.uk,Male,84.143.13.135,30
157,Olivier,Shevels,Olivier Shevels,oshevels4c@pen.io,Male,159.132.150.36,30
445,Antonin,Palek,Antonin Palek,apalekcc@taobao.com,Male,99.236.106.245,30
528,Giacobo,Marciskewski,Giacobo Marciskewski,gmarciskewskien@prnewswire.com,Male,235.23.187.11,30
120,Yves,Piddle,Yves Piddle,ypiddle3b@mail.ru,Male,110.247.17.184,31
534,Raleigh,Donnellan,Raleigh Donnellan,rdonnellanet@chronoengine.com,Male,171.61.220.59,31
669,Leon,Nudds,Leon Nudds,lnuddsik@ezinearticles.com,Male,22.236.69.19,31
683,Earlie,Scocroft,Earlie Scocroft,escocroftiy@eepurl.com,Male,82.97.217.221,31
699,Hallsy,Scutter,Hallsy Scutter,hscutterje@unc.edu,Male,214.97.94.77,31
724,Jacques,Brotherhead,Jacques Brotherhead,jbrotherheadk3@arizona.edu,Male,189.200.166.215,31
995,Alonso,Hargreave,Alonso Hargreave,ahargreaverm@networksolutions.com,Male,79.20.173.217,31
6,Gordan,Hew,Gordan Hew,ghew5@nyu.edu,Male,80.197.155.24,32
579,Randolph,Brogioni,Randolph Brogioni,rbrogionig2@psu.edu,Male,93.158.7.170,32
602,Weylin,Lyttle,Weylin Lyttle,wlyttlegp@list-manage.com,Male,221.225.56.230,32
632,Guido,Ibbs,Guido Ibbs,gibbshj@merriam-webster.com,Male,82.222.221.1,32
672,Mauricio,Gypps,Mauricio Gypps,mgyppsin@diigo.com,Male,194.109.37.157,32
83,Arnold,Barnwille,Arnold Barnwille,abarnwille2a@hubpages.com,Male,9.234.44.16,33
353,Sayers,Jayme,Sayers Jayme,sjayme9s@cmu.edu,Male,249.144.181.120,33
399,Alfie,Shervington,Alfie Shervington,ashervingtonb2@exblog.jp,Male,55.151.156.197,33
400,Milo,Risom,Milo Risom,mrisomb3@bluehost.com,Male,5.245.2.217,33
898,Douglas,Parr,Douglas Parr,dparrox@europa.eu,Male,134.87.248.113,33
43,Torry,Grain,Torry Grain,tgrain16@mac.com,Male,82.24.213.254,34
155,Arne,Evill,Arne Evill,aevill4a@cdc.gov,Male,104.226.176.233,34
276,Christoph,Alton,Christoph Alton,calton7n@earthlink.net,Male,246.110.76.58,34
336,Thorndike,Baptista,Thorndike Baptista,tbaptista9b@alibaba.com,Male,25.179.224.236,34
446,Davie,Bellinger,Davie Bellinger,dbellingercd@comsenz.com,Male,73.95.249.111,34
916,Nichole,Broun,Nichole Broun,nbrounpf@va.gov,Male,73.49.92.201,34
65,Kennan,Kitchenman,Kennan Kitchenman,kkitchenman1s@list-manage.com,Male,34.0.195.201,35
250,Jamill,"M'Barron","Jamill M'Barron",jmbarron6x@addthis.com,Male,217.150.230.156,35
289,Jarid,Giacomuzzo,Jarid Giacomuzzo,jgiacomuzzo80@nytimes.com,Male,200.144.193.251,35
291,Warden,Gillespey,Warden Gillespey,wgillespey82@ebay.co.uk,Male,175.133.126.174,35
514,Georgi,Braund,Georgi Braund,gbraunde9@sitemeter.com,Male,94.229.218.140,35
531,Xever,Gohier,Xever Gohier,xgohiereq@google.com.au,Male,150.192.62.222,35
851,Maximo,Flanagan,Maximo Flanagan,mflanagannm@shareasale.com,Male,231.111.139.199,35
869,Ewell,Dewhurst,Ewell Dewhurst,edewhursto4@guardian.co.uk,Male,70.29.153.130,35
892,Giffer,Pechan,Giffer Pechan,gpechanor@canalblog.com,Male,197.129.132.80,35
998,Fidel,Defew,Fidel Defew,fdefewrp@surveymonkey.com,Male,150.248.88.229,35
363,Lonnie,Witch,Lonnie Witch,lwitcha2@infoseek.co.jp,Male,8.19.220.27,36
367,Ware,Bein,Ware Bein,wbeina6@tumblr.com,Male,196.191.186.244,36
783,Duky,McCauley,Duky McCauley,dmccauleylq@about.me,Male,105.47.108.133,36
828,Even,Spraging,Even Spraging,espragingmz@cyberchimps.com,Male,244.151.141.10,36
854,Huntley,Raffan,Huntley Raffan,hraffannp@intel.com,Male,42.43.244.77,36
971,Esdras,Bowshire,Esdras Bowshire,ebowshireqy@sohu.com,Male,145.232.17.30,36
53,Remington,Shade,Remington Shade,rshade1g@usgs.gov,Male,68.173.73.26,37
57,Jud,Allin,Jud Allin,jallin1k@columbia.edu,Male,78.248.63.141,37
681,Chase,Wildor,Chase Wildor,cwildoriw@imdb.com,Male,77.14.95.246,37
34,Kristos,Gettins,Kristos Gettins,kgettinsx@bloglovin.com,Male,186.239.88.104,38
49,Pepillo,Prugel,Pepillo Prugel,pprugel1c@umich.edu,Male,160.164.222.71,38
100,Horten,Waszczykowski,Horten Waszczykowski,hwaszczykowski2r@irs.gov,Male,106.14.94.134,38
112,Bogey,Sclanders,Bogey Sclanders,bsclanders33@wix.com,Male,152.185.204.65,38
133,Upton,Prandy,Upton Prandy,uprandy3o@skyrock.com,Male,246.85.14.253,38
137,Even,Eary,Even Eary,eeary3s@sitemeter.com,Male,65.33.1.212,38
441,Murvyn,Paute,Murvyn Paute,mpautec8@disqus.com,Male,158.243.104.97,38
601,Harald,Colquite,Harald Colquite,hcolquitego@delicious.com,Male,231.37.124.148,38
690,Rutherford,Currell,Rutherford Currell,rcurrellj5@google.ca,Male,100.118.155.189,38
748,Odey,Callcott,Odey Callcott,ocallcottkr@tuttocitta.it,Male,95.125.141.221,38
823,Kincaid,Corbally,Kincaid Corbally,kcorballymu@flavors.me,Male,44.109.186.113,38
846,Donalt,Klezmski,Donalt Klezmski,dklezmskinh@answers.com,Male,161.53.144.55,38
4,Brnaby,Stut,Brnaby Stut,bstut3@twitter.com,Male,23.194.42.152,39
73,Ximenes,Dawks,Ximenes Dawks,xdawks20@webs.com,Male,142.155.59.22,39
98,Allister,Coplestone,Allister Coplestone,acoplestone2p@pinterest.com,Male,236.165.53.111,39
202,Guss,Cleever,Guss Cleever,gcleever5l@nbcnews.com,Male,114.231.252.70,39
381,Maximilian,Abadam,Maximilian Abadam,mabadamak@auda.org.au,Male,27.26.247.5,39
630,John,Houselee,John Houselee,jhouseleehh@pen.io,Male,47.247.221.0,39
715,Vasilis,Steffens,Vasilis Steffens,vsteffensju@github.com,Male,52.144.18.167,39
909,Gregorio,Grannell,Gregorio Grannell,ggrannellp8@latimes.com,Male,196.74.228.196,39
287,Beaufort,Bignell,Beaufort Bignell,bbignell7y@mlb.com,Male,179.134.123.174,40
327,Ernesto,Sprey,Ernesto Sprey,esprey92@mac.com,Male,24.20.85.209,40
440,Val,Creeboe,Val Creeboe,vcreeboec7@reddit.com,Male,191.42.232.113,40
114,Lucian,Grigoliis,Lucian Grigoliis,lgrigoliis35@google.co.uk,Male,7.3.123.5,41
245,Darrell,Woolam,Darrell Woolam,dwoolam6s@de.vu,Male,178.16.195.0,41
298,See,Karlsen,See Karlsen,skarlsen89@abc.net.au,Male,162.127.177.36,41
454,Antonio,Oates,Antonio Oates,aoatescl@yelp.com,Male,65.226.144.53,41
585,Rooney,Clement,Rooney Clement,rclementg8@foxnews.com,Male,3.1.252.112,41
751,Mario,Han,Mario Han,mhanku@cargocollective.com,Male,183.214.37.59,41
32,Gifford,Knoton,Gifford Knoton,gknotonv@icio.us,Male,253.155.22.35,42
185,Any,Letteresse,Any Letteresse,aletteresse54@youtu.be,Male,142.46.55.64,42
549,Sasha,Flewett,Sasha Flewett,sflewettf8@vinaora.com,Male,234.226.70.235,42
562,Shanan,Beacock,Shanan Beacock,sbeacockfl@google.com,Male,134.215.85.229,42
716,Lowell,Magauran,Lowell Magauran,lmagauranjv@diigo.com,Male,86.11.54.92,42
858,Riordan,Grammer,Riordan Grammer,rgrammernt@youtu.be,Male,9.99.87.85,42
868,Reynold,MacCaull,Reynold MacCaull,rmaccaullo3@washingtonpost.com,Male,223.216.176.210,42
69,Flinn,Sollom,Flinn Sollom,fsollom1w@ning.com,Male,116.214.119.186,43
610,Bryant,Booty,Bryant Booty,bbootygx@illinois.edu,Male,143.95.174.234,43
771,Ingemar,Cockley,Ingemar Cockley,icockleyle@i2i.jp,Male,173.41.128.33,43
789,Ker,Gier,Ker Gier,kgierlw@nifty.com,Male,233.126.173.148,43
918,Winston,Laden,Winston Laden,wladenph@mozilla.com,Male,83.20.205.203,43
61,Julius,Snellman,Julius Snellman,jsnellman1o@senate.gov,Male,247.15.174.186,44
63,Rab,Minchin,Rab Minchin,rminchin1q@auda.org.au,Male,4.233.249.242,44
232,Rutger,Walton,Rutger Walton,rwalton6f@blogtalkradio.com,Male,131.137.224.189,44
484,Sterling,Tatterton,Sterling Tatterton,stattertondf@google.ru,Male,75.75.249.137,44
591,Hogan,Hessenthaler,Hogan Hessenthaler,hhessenthalerge@moonfruit.com,Male,54.5.108.120,44
826,Otho,McCard,Otho McCard,omccardmx@163.com,Male,15.56.159.46,44
873,Cly,Tweedy,Cly Tweedy,ctweedyo8@thetimes.co.uk,Male,3.255.101.154,44
941,Zacharias,Blaxill,Zacharias Blaxill,zblaxillq4@zimbio.com,Male,179.193.35.64,44
51,Simon,Mansel,Simon Mansel,smansel1e@gizmodo.com,Male,87.23.117.28,45
172,Jephthah,Rumsey,Jephthah Rumsey,jrumsey4r@amazon.co.jp,Male,69.163.224.45,45
442,Janos,Drummer,Janos Drummer,jdrummerc9@answers.com,Male,40.190.166.221,45
547,Salvidor,Rhelton,Salvidor Rhelton,srheltonf6@addthis.com,Male,124.161.34.54,45
686,Nick,Cadle,Nick Cadle,ncadlej1@shutterfly.com,Male,43.252.251.1,45
787,Jason,Kluge,Jason Kluge,jklugelu@independent.co.uk,Male,217.118.180.239,45
809,Claudius,Kirkup,Claudius Kirkup,ckirkupmg@nydailynews.com,Male,99.70.231.38,45
830,Boot,Aubert,Boot Aubert,baubertn1@skyrock.com,Male,251.219.187.249,46
10,Frederic,Staddom,Frederic Staddom,fstaddom9@unesco.org,Male,179.145.172.24,47
575,Kaleb,Caslake,Kaleb Caslake,kcaslakefy@mediafire.com,Male,54.170.16.142,47
593,Cleon,Gianelli,Cleon Gianelli,cgianelligg@bbb.org,Male,211.144.77.180,47
637,Dalis,"O'Sherrin","Dalis O'Sherrin",dosherrinho@wsj.com,Male,253.133.57.63,47
702,Rouvin,Androlli,Rouvin Androlli,randrollijh@nsw.gov.au,Male,178.178.243.51,47
818,Danny,Gipp,Danny Gipp,dgippmp@craigslist.org,Male,32.183.190.18,47
159,Wilhelm,Glazzard,Wilhelm Glazzard,wglazzard4e@tamu.edu,Male,249.2.173.34,48
192,Lyman,Van der Baaren,Lyman Van der Baaren,lvanderbaaren5b@yahoo.co.jp,Male,203.118.119.166,48
194,Alejoa,Igoe,Alejoa Igoe,aigoe5d@bluehost.com,Male,120.28.145.142,48
212,Andrej,McKenzie,Andrej McKenzie,amckenzie5v@chronoengine.com,Male,157.210.189.108,48
404,Ulick,Sonier,Ulick Sonier,usonierb7@jimdo.com,Male,89.18.123.116,48
416,Seamus,Lodovichi,Seamus Lodovichi,slodovichibj@cbslocal.com,Male,225.229.36.123,48
538,Gaspar,Pickford,Gaspar Pickford,gpickfordex@mozilla.org,Male,170.236.104.34,48
661,Ernest,Tuberfield,Ernest Tuberfield,etuberfieldic@domainmarket.com,Male,242.42.68.228,48
1000,Clive,Danilishin,Clive Danilishin,cdanilishinrr@360.cn,Male,137.228.86.2,48
15,Meryl,Besant,Meryl Besant,mbesante@imgur.com,Male,190.103.253.131,49
26,Hamnet,Morrill,Hamnet Morrill,hmorrillp@unc.edu,Male,211.152.20.232,49
180,Wiley,Broadhurst,Wiley Broadhurst,wbroadhurst4z@smugmug.com,Male,79.148.135.174,49
369,Lindy,Wooffinden,Lindy Wooffinden,lwooffindena8@wsj.com,Male,238.130.14.234,49
422,Shannon,Dugan,Shannon Dugan,sduganbp@dot.gov,Male,96.138.94.244,49
590,Arie,Spancock,Arie Spancock,aspancockgd@reddit.com,Male,218.205.146.190,49
763,Carney,Gomme,Carney Gomme,cgommel6@spiegel.de,Male,91.169.39.85,49
802,Nester,Adamo,Nester Adamo,nadamom9@sohu.com,Male,81.108.192.132,49
872,Wait,Keenleyside,Wait Keenleyside,wkeenleysideo7@studiopress.com,Male,177.217.54.62,49
978,Averell,Pietzke,Averell Pietzke,apietzker5@europa.eu,Male,1.240.176.73,49
9,Brendan,Scaysbrook,Brendan Scaysbrook,bscaysbrook8@amazon.co.uk,Male,131.60.171.188,50
19,Mord,Aubri,Mord Aubri,maubrii@plala.or.jp,Male,103.148.39.23,50
113,Hillery,Bergstram,Hillery Bergstram,hbergstram34@infoseek.co.jp,Male,38.117.100.74,50
345,Logan,Simpole,Logan Simpole,lsimpole9k@wsj.com,Male,203.74.199.110,50
543,Fraze,Gerber,Fraze Gerber,fgerberf2@cyberchimps.com,Male,125.12.15.2,50
78,Curry,Prydie,Curry Prydie,cprydie25@xinhuanet.com,Male,27.143.168.73,51
415,Sal,Gimenez,Sal Gimenez,sgimenezbi@shutterfly.com,Male,44.205.149.148,51
434,Cletis,Muirden,Cletis Muirden,cmuirdenc1@wiley.com,Male,219.125.120.126,51
456,Randi,Vamplers,Randi Vamplers,rvamplerscn@amazon.co.uk,Male,245.104.3.25,51
471,Gaby,Canlin,Gaby Canlin,gcanlind2@youku.com,Male,56.95.53.216,51
28,Wald,De Angelis,Wald De Angelis,wdeangelisr@baidu.com,Male,60.225.238.255,52
54,Burk,Eisak,Burk Eisak,beisak1h@wiley.com,Male,94.87.35.210,52
183,Burt,Normanville,Burt Normanville,bnormanville52@live.com,Male,61.126.217.203,52
315,Charlton,Maddigan,Charlton Maddigan,cmaddigan8q@networksolutions.com,Male,220.44.174.33,52
328,Yehudit,Van den Velden,Yehudit Van den Velden,yvandenvelden93@pinterest.com,Male,29.185.145.73,52
357,Harald,Mountjoy,Harald Mountjoy,hmountjoy9w@hostgator.com,Male,68.83.205.34,52
419,Kermit,Stivens,Kermit Stivens,kstivensbm@sbwire.com,Male,109.23.240.21,52
518,Zaccaria,Capon,Zaccaria Capon,zcaponed@histats.com,Male,209.142.101.214,52
653,Val,Shone,Val Shone,vshonei4@example.com,Male,15.73.63.122,52
700,Maurice,Flowith,Maurice Flowith,mflowithjf@lulu.com,Male,225.232.38.230,52
944,Yehudi,Mattheissen,Yehudi Mattheissen,ymattheissenq7@icq.com,Male,155.220.177.205,52
260,Wolfgang,Gallahar,Wolfgang Gallahar,wgallahar77@facebook.com,Male,188.115.52.170,53
264,Mario,Bockmaster,Mario Bockmaster,mbockmaster7b@angelfire.com,Male,147.167.29.158,53
960,Clerc,Oddboy,Clerc Oddboy,coddboyqn@nydailynews.com,Male,232.25.51.62,53
171,Early,Taberner,Early Taberner,etaberner4q@freewebs.com,Male,75.138.190.48,54
209,Melvin,Laycock,Melvin Laycock,mlaycock5s@twitter.com,Male,245.12.254.61,54
519,Durand,Scotchbourouge,Durand Scotchbourouge,dscotchbourougeee@nymag.com,Male,166.3.141.200,54
670,Lawton,Niece,Lawton Niece,lnieceil@ibm.com,Male,198.232.216.111,54
711,Kiley,Elt,Kiley Elt,keltjq@nps.gov,Male,139.132.68.7,54
795,Jone,Aronoff,Jone Aronoff,jaronoffm2@alexa.com,Male,240.181.26.114,54
81,Vincent,Flay,Vincent Flay,vflay28@163.com,Male,20.72.41.236,55
492,Sherlocke,Lichtfoth,Sherlocke Lichtfoth,slichtfothdn@sciencedaily.com,Male,190.138.162.222,55
508,Roderick,Backen,Roderick Backen,rbackene3@xing.com,Male,151.227.21.214,55
845,Siegfried,Spickett,Siegfried Spickett,sspickettng@posterous.com,Male,122.117.22.22,55
189,Etan,De Angelo,Etan De Angelo,edeangelo58@europa.eu,Male,150.47.121.156,56
296,Zollie,Hedman,Zollie Hedman,zhedman87@miitbeian.gov.cn,Male,91.36.163.72,56
414,Ruperto,Volonte,Ruperto Volonte,rvolontebh@1und1.de,Male,249.13.28.234,56
488,Otto,Whelpdale,Otto Whelpdale,owhelpdaledj@nydailynews.com,Male,115.255.86.83,56
734,Peder,Samsworth,Peder Samsworth,psamsworthkd@ning.com,Male,112.125.140.88,56
176,Elbert,Cohani,Elbert Cohani,ecohani4v@examiner.com,Male,5.210.199.13,57
256,Orville,Kilkenny,Orville Kilkenny,okilkenny73@blogspot.com,Male,16.237.184.102,57
307,Halsy,Thorn,Halsy Thorn,hthorn8i@loc.gov,Male,64.41.201.228,57
379,Far,Borne,Far Borne,fborneai@squidoo.com,Male,112.175.91.231,57
393,Carey,Hoggin,Carey Hoggin,chogginaw@virginia.edu,Male,73.12.95.58,57
980,Tye,Culley,Tye Culley,tculleyr7@rakuten.co.jp,Male,147.40.199.119,57
498,Terencio,Robison,Terencio Robison,trobisondt@wikia.com,Male,13.198.60.156,58
652,Kristofor,Whorlow,Kristofor Whorlow,kwhorlowi3@wordpress.com,Male,141.229.252.70,58
701,Gilberto,Slisby,Gilberto Slisby,gslisbyjg@ebay.co.uk,Male,98.124.53.42,58
747,Skipp,Dunnan,Skipp Dunnan,sdunnankq@blogspot.com,Male,214.61.167.92,58
792,Rouvin,Sacker,Rouvin Sacker,rsackerlz@timesonline.co.uk,Male,139.188.115.208,58
211,Matthew,Rudham,Matthew Rudham,mrudham5u@dailymotion.com,Male,12.157.188.169,59
217,Arney,Molfino,Arney Molfino,amolfino60@harvard.edu,Male,209.55.165.136,59
351,Luce,Hannen,Luce Hannen,lhannen9q@uol.com.br,Male,3.177.66.166,59
368,Dionisio,Doctor,Dionisio Doctor,ddoctora7@virginia.edu,Male,241.11.58.165,59
391,Alisander,Lean,Alisander Lean,aleanau@twitpic.com,Male,27.233.92.217,59
476,Jerad,McPhee,Jerad McPhee,jmcpheed7@cocolog-nifty.com,Male,26.9.19.173,59
936,Zebedee,Slingsby,Zebedee Slingsby,zslingsbypz@phpbb.com,Male,197.64.232.190,59
477,Maxy,Meeking,Maxy Meeking,mmeekingd8@wikipedia.org,Male,139.237.56.28,60
696,Elden,Braniff,Elden Braniff,ebraniffjb@newyorker.com,Male,197.187.186.91,60
794,Benoit,Mingauld,Benoit Mingauld,bmingauldm1@de.vu,Male,142.117.12.23,60
917,Base,Tessington,Base Tessington,btessingtonpg@hubpages.com,Male,169.241.51.202,60
275,Sancho,Spensley,Sancho Spensley,sspensley7m@miibeian.gov.cn,Male,242.215.43.117,61
879,Elbert,Bernardoni,Elbert Bernardoni,ebernardonioe@bloglovin.com,Male,228.139.61.236,61
919,Holden,Kohen,Holden Kohen,hkohenpi@accuweather.com,Male,246.111.31.69,61
50,Aleksandr,Henriquet,Aleksandr Henriquet,ahenriquet1d@si.edu,Male,178.202.232.143,62
60,Sibyl,Leven,Sibyl Leven,sleven1n@shop-pro.jp,Male,126.89.142.160,62
109,Orton,Bysh,Orton Bysh,obysh30@slideshare.net,Male,96.163.217.153,62
493,Gilbert,Laidler,Gilbert Laidler,glaidlerdo@nydailynews.com,Male,199.20.188.105,62
584,Harlen,Lace,Harlen Lace,hlaceg7@hp.com,Male,133.38.21.226,62
577,Neel,Marr,Neel Marr,nmarrg0@cpanel.net,Male,100.223.44.113,63
139,Scottie,Fairbairn,Scottie Fairbairn,sfairbairn3u@epa.gov,Male,227.54.9.109,64
330,Douglass,Delafont,Douglass Delafont,ddelafont95@jalbum.net,Male,98.204.175.251,64
671,Alfie,Claybourne,Alfie Claybourne,aclaybourneim@addtoany.com,Male,25.160.85.167,64
853,Samson,Prattington,Samson Prattington,sprattingtonno@yahoo.com,Male,161.16.236.132,64
382,Uriel,Loxton,Uriel Loxton,uloxtonal@cmu.edu,Male,71.80.170.243,65
31,Hollis,Drissell,Hollis Drissell,hdrissellu@zdnet.com,Male,39.77.234.80,66
156,Mick,Fearfull,Mick Fearfull,mfearfull4b@google.com.hk,Male,226.145.235.199,66
326,Ethelred,Mothersole,Ethelred Mothersole,emothersole91@themeforest.net,Male,132.150.204.250,66
545,Gayler,Billington,Gayler Billington,gbillingtonf4@illinois.edu,Male,210.48.42.244,66
859,Alberto,Goadbie,Alberto Goadbie,agoadbienu@psu.edu,Male,112.129.255.84,66
927,Tyrone,Larkkem,Tyrone Larkkem,tlarkkempq@constantcontact.com,Male,62.150.136.90,66
946,Elroy,Bradder,Elroy Bradder,ebradderq9@joomla.org,Male,168.89.87.187,66
966,Jeffry,Harston,Jeffry Harston,jharstonqt@prnewswire.com,Male,173.94.161.107,66
72,Dore,Boom,Dore Boom,dboom1z@apple.com,Male,63.101.69.74,67
207,Courtnay,Preddle,Courtnay Preddle,cpreddle5q@cnet.com,Male,219.240.141.195,67
451,Durward,Crome,Durward Crome,dcromeci@mtv.com,Male,80.8.217.21,67
606,Ahmed,Loalday,Ahmed Loalday,aloaldaygt@vkontakte.ru,Male,89.78.219.69,67
619,Skippie,Verchambre,Skippie Verchambre,sverchambreh6@msn.com,Male,129.205.227.100,67
861,Salvidor,Gamlen,Salvidor Gamlen,sgamlennw@parallels.com,Male,246.214.253.120,67
956,Paddie,McKeevers,Paddie McKeevers,pmckeeversqj@epa.gov,Male,221.178.41.142,67
972,David,Atkirk,David Atkirk,datkirkqz@webeden.co.uk,Male,58.87.164.7,67
403,Kingston,Howroyd,Kingston Howroyd,khowroydb6@creativecommons.org,Male,233.47.247.84,68
486,Leonid,Ratcliff,Leonid Ratcliff,lratcliffdh@china.com.cn,Male,149.176.138.50,68
657,Elliot,Sharphurst,Elliot Sharphurst,esharphursti8@163.com,Male,115.124.139.13,68
949,Rene,Mizzi,Rene Mizzi,rmizziqc@businessinsider.com,Male,188.56.64.81,68
99,Tibold,Lawrence,Tibold Lawrence,tlawrence2q@twitter.com,Male,99.244.133.30,69
360,Zacherie,Flaunier,Zacherie Flaunier,zflaunier9z@edublogs.org,Male,125.2.18.211,69
636,Otho,Spray,Otho Spray,osprayhn@51.la,Male,188.189.132.236,69
725,Reinald,Raddon,Reinald Raddon,rraddonk4@addthis.com,Male,168.169.109.115,69
824,Rudy,Tuffs,Rudy Tuffs,rtuffsmv@github.com,Male,7.253.244.205,69
921,Donovan,Heijne,Donovan Heijne,dheijnepk@phpbb.com,Male,65.127.106.135,69
977,Claus,Pankhurst.,Claus Pankhurst.,cpankhurstr4@phpbb.com,Male,143.211.16.37,69
5,Jeremy,Southway,Jeremy Southway,jsouthway4@cafepress.com,Male,209.122.218.92,70
713,Clayborne,Eyeington,Clayborne Eyeington,ceyeingtonjs@cargocollective.com,Male,239.240.57.250,70
453,Jareb,Kleinstern,Jareb Kleinstern,jkleinsternck@sina.com.cn,Male,176.150.223.46,71
698,Jervis,Wadwell,Jervis Wadwell,jwadwelljd@elegantthemes.com,Male,5.32.220.168,71
758,Jamaal,Sheekey,Jamaal Sheekey,jsheekeyl1@shareasale.com,Male,5.198.79.2,71
45,Drud,McCoy,Drud McCoy,dmccoy18@gov.uk,Male,43.32.198.47,72
148,Cross,Mager,Cross Mager,cmager43@exblog.jp,Male,44.92.65.28,72
596,Jordan,Fulop,Jordan Fulop,jfulopgj@vinaora.com,Male,96.105.143.55,72
827,Jakob,Winchcum,Jakob Winchcum,jwinchcummy@clickbank.net,Male,41.241.138.63,72
16,Humphrey,Dobinson,Humphrey Dobinson,hdobinsonf@cocolog-nifty.com,Male,47.140.220.237,73
413,Galen,Collett,Galen Collett,gcollettbg@prweb.com,Male,56.190.151.57,73
474,Freddie,Ambler,Freddie Ambler,famblerd5@zimbio.com,Male,24.208.44.0,73
739,Raymond,Krienke,Raymond Krienke,rkrienkeki@artisteer.com,Male,37.222.96.244,73
870,Fredric,Ascraft,Fredric Ascraft,fascrafto5@is.gd,Male,16.118.210.0,73
163,Raviv,Chittim,Raviv Chittim,rchittim4i@barnesandnoble.com,Male,127.197.224.31,74
281,Ferdy,Darmody,Ferdy Darmody,fdarmody7s@surveymonkey.com,Male,246.250.61.22,74
347,Koenraad,Jereatt,Koenraad Jereatt,kjereatt9m@va.gov,Male,116.22.221.125,74
497,Les,Jennaroy,Les Jennaroy,ljennaroyds@hc360.com,Male,131.15.176.12,74
603,Carver,Biddy,Carver Biddy,cbiddygq@dailymail.co.uk,Male,163.233.66.186,74
27,Kellen,Emlen,Kellen Emlen,kemlenq@livejournal.com,Male,49.214.37.31,75
443,Anson,Hillum,Anson Hillum,ahillumca@reddit.com,Male,54.128.228.18,75
633,Zebedee,Baldung,Zebedee Baldung,zbaldunghk@privacy.gov.au,Male,103.139.110.84,75
902,Elvin,Pasticznyk,Elvin Pasticznyk,epasticznykp1@studiopress.com,Male,137.194.120.149,75
932,Leroi,Boakes,Leroi Boakes,lboakespv@theatlantic.com,Male,157.130.152.203,75
7,Olvan,Goretti,Olvan Goretti,ogoretti6@w3.org,Male,53.193.130.103,76
169,Willey,Orable,Willey Orable,worable4o@who.int,Male,238.216.23.190,76
274,Ellis,Grugerr,Ellis Grugerr,egrugerr7l@dell.com,Male,45.96.171.12,76
365,Marc,Konneke,Marc Konneke,mkonnekea4@hexun.com,Male,22.233.92.106,76
576,Colas,Archley,Colas Archley,carchleyfz@cornell.edu,Male,26.168.126.110,76
40,Winston,Coates,Winston Coates,wcoates13@naver.com,Male,230.230.0.156,77
314,Aylmar,Ipsgrave,Aylmar Ipsgrave,aipsgrave8p@ustream.tv,Male,88.48.140.160,77
674,Demetrius,Ortes,Demetrius Ortes,dortesip@discovery.com,Male,61.187.225.28,77
958,Andie,Brenard,Andie Brenard,abrenardql@nasa.gov,Male,91.92.81.143,77
38,Filberto,Cunney,Filberto Cunney,fcunney11@marketwatch.com,Male,140.69.15.192,78
248,Jammal,Olin,Jammal Olin,jolin6v@army.mil,Male,18.47.148.132,78
373,Albie,Toffoletto,Albie Toffoletto,atoffolettoac@hexun.com,Male,204.10.193.101,78
387,Flynn,Boumphrey,Flynn Boumphrey,fboumphreyaq@flavors.me,Male,130.192.159.174,78
529,Humfrey,Edlington,Humfrey Edlington,hedlingtoneo@examiner.com,Male,243.60.119.74,78
825,Shellysheldon,Giovannelli,Shellysheldon Giovannelli,sgiovannellimw@ft.com,Male,45.3.211.47,78
154,Hamil,Kermon,Hamil Kermon,hkermon49@moonfruit.com,Male,114.68.217.166,79
284,Moe,Osichev,Moe Osichev,mosichev7v@icio.us,Male,2.101.135.17,79
665,Corrie,Eyes,Corrie Eyes,ceyesig@newyorker.com,Male,235.233.131.89,79
780,Bernhard,Elmer,Bernhard Elmer,belmerln@gmpg.org,Male,133.28.217.69,79
190,Braden,Fawdrie,Braden Fawdrie,bfawdrie59@dmoz.org,Male,177.176.142.43,80
338,Berke,Scrowston,Berke Scrowston,bscrowston9d@vistaprint.com,Male,165.176.151.142,80
644,Shanan,Moller,Shanan Moller,smollerhv@homestead.com,Male,24.169.115.248,80
728,Aguistin,Greave,Aguistin Greave,agreavek7@oakley.com,Male,191.238.239.100,80
749,Ciro,Steels,Ciro Steels,csteelsks@bbb.org,Male,46.173.127.7,80
132,Ludvig,Whitefoot,Ludvig Whitefoot,lwhitefoot3n@ning.com,Male,226.132.243.192,81
304,Steffen,Chattoe,Steffen Chattoe,schattoe8f@auda.org.au,Male,38.219.94.219,81
752,Lazar,Shetliff,Lazar Shetliff,lshetliffkv@jimdo.com,Male,123.246.61.104,81
776,Justinian,Allibon,Justinian Allibon,jallibonlj@washingtonpost.com,Male,77.44.143.224,81
75,Francklin,Loftus,Francklin Loftus,floftus22@samsung.com,Male,46.244.120.165,82
457,Tedman,Sellers,Tedman Sellers,tsellersco@cargocollective.com,Male,177.204.121.128,82
500,Morie,Kinner,Morie Kinner,mkinnerdv@upenn.edu,Male,194.38.26.129,82
512,Sid,Trathen,Sid Trathen,strathene7@deviantart.com,Male,30.210.123.43,82
811,Eugen,Robison,Eugen Robison,erobisonmi@dot.gov,Male,156.208.73.255,82
55,Chauncey,Andriveau,Chauncey Andriveau,candriveau1i@cafepress.com,Male,98.14.36.213,83
340,Conny,Primrose,Conny Primrose,cprimrose9f@rambler.ru,Male,81.81.101.0,83
532,Jeffie,Janz,Jeffie Janz,jjanzer@arizona.edu,Male,65.202.147.99,83
539,Nil,Hannabus,Nil Hannabus,nhannabusey@fema.gov,Male,219.205.31.27,83
761,Tobit,Batson,Tobit Batson,tbatsonl4@fc2.com,Male,29.2.84.165,83
989,Izaak,Braxay,Izaak Braxay,ibraxayrg@walmart.com,Male,168.225.11.177,83
152,Lorrie,Thebeau,Lorrie Thebeau,lthebeau47@guardian.co.uk,Male,130.35.255.165,84
295,Michale,Iacobacci,Michale Iacobacci,miacobacci86@printfriendly.com,Male,131.26.204.44,84
320,Allister,Mourton,Allister Mourton,amourton8v@nifty.com,Male,53.6.209.168,84
485,Aldo,Deely,Aldo Deely,adeelydg@indiegogo.com,Male,254.169.89.223,84
695,Whitney,Dane,Whitney Dane,wdaneja@dell.com,Male,137.114.207.59,84
386,Holly,Faire,Holly Faire,hfaireap@wikispaces.com,Male,105.37.59.33,85
417,Laughton,Hales,Laughton Hales,lhalesbk@statcounter.com,Male,219.95.199.129,85
578,Martyn,Cloy,Martyn Cloy,mcloyg1@bloglovin.com,Male,134.241.82.243,85
955,Derward,Heditch,Derward Heditch,dheditchqi@feedburner.com,Male,124.36.208.24,85
976,Carlo,Jolliff,Carlo Jolliff,cjolliffr3@tmall.com,Male,199.143.135.20,85
470,Cullen,Moakes,Cullen Moakes,cmoakesd1@soup.io,Male,242.193.46.73,86
574,Duffie,Dent,Duffie Dent,ddentfx@ocn.ne.jp,Male,174.81.247.242,86
717,Jim,Nash,Jim Nash,jnashjw@webeden.co.uk,Male,30.110.241.126,86
806,Kerwinn,Mowson,Kerwinn Mowson,kmowsonmd@qq.com,Male,142.46.174.239,86
236,Felic,Bachelor,Felic Bachelor,fbachelor6j@1688.com,Male,163.188.184.79,87
450,Barton,Wiggin,Barton Wiggin,bwigginch@deviantart.com,Male,211.203.159.148,87
790,Hashim,Vayro,Hashim Vayro,hvayrolx@vimeo.com,Male,172.179.167.103,87
840,Hillie,Rignall,Hillie Rignall,hrignallnb@stanford.edu,Male,167.151.88.118,87
433,Clive,Valerius,Clive Valerius,cvaleriusc0@mit.edu,Male,94.38.143.164,88
687,Alford,Earingey,Alford Earingey,aearingeyj2@wp.com,Male,107.21.127.196,88
384,Berk,Harrald,Berk Harrald,bharraldan@ocn.ne.jp,Male,219.68.218.59,89
418,Pedro,Hoffman,Pedro Hoffman,phoffmanbl@amazon.com,Male,210.184.86.7,89
882,Noach,Venables,Noach Venables,nvenablesoh@dot.gov,Male,161.113.187.25,89
48,Penrod,Fippe,Penrod Fippe,pfippe1b@people.com.cn,Male,88.215.63.70,90
76,Ximenes,Bault,Ximenes Bault,xbault23@netlog.com,Male,113.135.136.116,90
343,Cob,Vautre,Cob Vautre,cvautre9i@linkedin.com,Male,107.219.228.130,90
349,Johny,Robiot,Johny Robiot,jrobiot9o@aboutads.info,Male,188.27.212.233,90
355,Rutledge,Gullan,Rutledge Gullan,rgullan9u@amazonaws.com,Male,69.150.250.21,90
623,Lowe,Buttrey,Lowe Buttrey,lbuttreyha@instagram.com,Male,209.78.125.134,90
729,Wolfie,Fynn,Wolfie Fynn,wfynnk8@usa.gov,Male,70.239.215.108,90
914,Clifford,Gunter,Clifford Gunter,cgunterpd@bbc.co.uk,Male,148.112.117.130,90
293,Waverly,Adamini,Waverly Adamini,wadamini84@engadget.com,Male,224.52.163.24,91
564,Giorgi,Filppetti,Giorgi Filppetti,gfilppettifn@miitbeian.gov.cn,Male,18.20.165.139,91
573,Keane,Grzegorecki,Keane Grzegorecki,kgrzegoreckifw@tripadvisor.com,Male,247.3.26.134,91
472,Louie,Seamer,Louie Seamer,lseamerd3@google.pl,Male,45.48.165.65,92
744,Ingmar,Kubik,Ingmar Kubik,ikubikkn@quantcast.com,Male,140.157.49.34,92
88,Abbot,Druitt,Abbot Druitt,adruitt2f@ihg.com,Male,61.142.75.224,93
424,Dev,Kerrod,Dev Kerrod,dkerrodbr@businessinsider.com,Male,231.91.249.166,93
645,Ricoriki,Anslow,Ricoriki Anslow,ranslowhw@networksolutions.com,Male,16.229.179.76,93
719,Torre,Pedroni,Torre Pedroni,tpedronijy@over-blog.com,Male,117.187.162.102,93
791,Thorstein,Brettel,Thorstein Brettel,tbrettelly@jalbum.net,Male,243.155.12.205,93
816,Daniel,Hambidge,Daniel Hambidge,dhambidgemn@europa.eu,Male,100.13.222.188,93
857,Maynord,Wickey,Maynord Wickey,mwickeyns@reddit.com,Male,198.142.145.206,93
988,Ellary,Foskett,Ellary Foskett,efoskettrf@psu.edu,Male,219.75.75.168,93
8,Mitch,Beseke,Mitch Beseke,mbeseke7@amazon.co.jp,Male,139.25.15.237,94
119,Franchot,Oglethorpe,Franchot Oglethorpe,foglethorpe3a@comsenz.com,Male,216.185.143.131,94
228,Bald,Enoch,Bald Enoch,benoch6b@soundcloud.com,Male,47.219.185.174,94
550,Jerome,Longwood,Jerome Longwood,jlongwoodf9@hostgator.com,Male,56.83.169.74,94
680,Jarrod,Joseland,Jarrod Joseland,jjoselandiv@hp.com,Male,242.23.252.101,94
817,Raimundo,Lidgley,Raimundo Lidgley,rlidgleymo@ihg.com,Male,77.69.225.244,94
1,Thorsten,Lafflin,Thorsten Lafflin,tlafflin0@examiner.com,Male,152.124.232.200,95
42,Nealson,Roy,Nealson Roy,nroy15@goo.gl,Male,201.11.153.79,95
229,Bordie,Iamittii,Bordie Iamittii,biamittii6c@bing.com,Male,143.63.21.134,95
265,Lionel,Drysdall,Lionel Drysdall,ldrysdall7c@chron.com,Male,233.219.179.197,95
266,Rice,Spensley,Rice Spensley,rspensley7d@sciencedaily.com,Male,119.234.205.205,95
526,Forester,Hails,Forester Hails,fhailsel@dedecms.com,Male,133.26.49.70,95
679,Greggory,Dingley,Greggory Dingley,gdingleyiu@jiathis.com,Male,111.53.82.150,95
928,Ruprecht,Speenden,Ruprecht Speenden,rspeendenpr@mapy.cz,Male,61.220.196.80,95
199,Christopher,Bert,Christopher Bert,cbert5i@edublogs.org,Male,181.88.230.136,96
218,Axe,Dufaur,Axe Dufaur,adufaur61@ebay.co.uk,Male,218.33.183.255,96
227,Sax,Jimes,Sax Jimes,sjimes6a@stanford.edu,Male,75.213.76.193,96
324,Nap,Eldred,Nap Eldred,neldred8z@google.com.au,Male,96.234.22.188,96
643,Gideon,McKeighen,Gideon McKeighen,gmckeighenhu@php.net,Male,102.198.94.1,96
35,Eugene,Sneddon,Eugene Sneddon,esneddony@hp.com,Male,176.93.71.174,97
521,Kevan,Dawney,Kevan Dawney,kdawneyeg@upenn.edu,Male,182.189.53.21,97
572,Frederich,Furzey,Frederich Furzey,ffurzeyfv@quantcast.com,Male,34.83.234.173,97
965,Rhys,Matthews,Rhys Matthews,rmatthewsqs@quantcast.com,Male,82.245.50.110,97
174,Bordie,Howard,Bordie Howard,bhoward4t@usa.gov,Male,146.99.137.210,98
439,Paco,Cawthra,Paco Cawthra,pcawthrac6@blinklist.com,Male,167.131.84.119,98
383,Willard,Walthew,Willard Walthew,wwalthewam@ucoz.com,Male,25.29.195.173,99
813,Humphrey,Guilloux,Humphrey Guilloux,hguillouxmk@jimdo.com,Male,123.76.98.218,99
891,Richy,Laughtisse,Richy Laughtisse,rlaughtisseoq@apple.com,Male,136.87.36.130,99
406,Carl,Ivanishchev,Carl Ivanishchev,civanishchevb9@artisteer.com,Male,74.246.97.37,100
658,Tull,Castagno,Tull Castagno,tcastagnoi9@infoseek.co.jp,Male,39.210.249.128,100
703,Frans,Rutley,Frans Rutley,frutleyji@wikipedia.org,Male,214.126.209.230,100
907,Dan,Goublier,Dan Goublier,dgoublierp6@infoseek.co.jp,Male,96.66.180.123,100